Instance,spt,spt_time,mwkr,mwkr_time,mor,mor_time,lpt,lpt_time,lifo,lifo_time,lor,lor_time,fifo,fifo_time
0,10079.0,0.03875088691711426,16936.25,0.1858997344970703,14738.25,0.19550323486328125,10027.75,0.0390779972076416,15310.75,0.03872966766357422,15935.25,0.15532970428466797,3556.25,0.04647660255432129
1,7975.75,0.039726972579956055,15417.25,0.1919264793395996,13588.25,0.15134382247924805,10113.75,0.03821587562561035,15903.25,0.03858041763305664,17357.0,0.15154600143432617,3735.5,0.0461428165435791
2,8630.75,0.03899669647216797,14196.5,0.1839909553527832,16195.5,0.15605998039245605,11313.75,0.03796219825744629,15361.25,0.03761100769042969,17289.0,0.15200257301330566,3450.5,0.046030521392822266
3,9853.5,0.039968013763427734,15250.0,0.19047164916992188,13071.5,0.1577908992767334,8267.5,0.07142066955566406,16618.0,0.03829693794250488,17400.5,0.160722017288208,3539.5,0.046715497970581055
4,9288.25,0.03867602348327637,15860.5,0.18733644485473633,17870.25,0.16465139389038086,11151.0,0.03827643394470215,17692.25,0.03806161880493164,16910.75,0.1492462158203125,3817.75,0.04594588279724121
5,9399.0,0.04019045829772949,15717.75,0.18059968948364258,16678.5,0.15836358070373535,11519.75,0.03860044479370117,17406.5,0.03868222236633301,17747.5,0.1458570957183838,3706.5,0.04698348045349121
6,8551.75,0.03911471366882324,15672.25,0.1887655258178711,13818.75,0.15718603134155273,11643.25,0.03869915008544922,14973.25,0.06302809715270996,15947.0,0.1470189094543457,3480.75,0.046167612075805664
7,8616.0,0.038550376892089844,15925.25,0.18640494346618652,15077.0,0.15886712074279785,11711.25,0.038431644439697266,13870.5,0.03827381134033203,14719.75,0.15106797218322754,3506.25,0.04596829414367676
8,10216.5,0.03882861137390137,17865.25,0.1922152042388916,14323.0,0.15460729598999023,11813.75,0.038095951080322266,14209.0,0.037308692932128906,15409.25,0.14683008193969727,3581.25,0.045790910720825195
9,10325.25,0.0385134220123291,14624.0,0.1865854263305664,17348.0,0.16785979270935059,11148.25,0.03929305076599121,17942.75,0.03832578659057617,18062.75,0.18190979957580566,3671.75,0.04584145545959473
10,10314.5,0.03896379470825195,17687.0,0.19015073776245117,15218.0,0.1583247184753418,11768.75,0.038526058197021484,16111.25,0.037456512451171875,15893.0,0.14386701583862305,3672.75,0.04616856575012207
11,8463.5,0.03993797302246094,15871.25,0.19607973098754883,15603.5,0.15557432174682617,9636.5,0.03925490379333496,14704.25,0.0379636287689209,16195.75,0.1463935375213623,3607.25,0.046080589294433594
12,8996.0,0.0389401912689209,15163.5,0.1794736385345459,18030.75,0.15957021713256836,11012.25,0.039617300033569336,16827.5,0.038384199142456055,17405.25,0.15419340133666992,3666.25,0.046270132064819336
13,10282.75,0.038571834564208984,16253.0,0.18509125709533691,15044.75,0.1575915813446045,11153.75,0.03936457633972168,13474.75,0.03819394111633301,15513.5,0.14671087265014648,3643.0,0.07342052459716797
14,10028.25,0.03899979591369629,15034.5,0.18449759483337402,14067.25,0.16251516342163086,10878.25,0.038570404052734375,15289.0,0.037247419357299805,16036.75,0.14674043655395508,3736.25,0.046036481857299805
15,10129.25,0.03908133506774902,15498.25,0.19123363494873047,15672.5,0.1605679988861084,10884.0,0.039421796798706055,16356.75,0.038134098052978516,17596.25,0.14464902877807617,3588.25,0.0462193489074707
16,9686.0,0.03888297080993652,15613.75,0.18622517585754395,15088.5,0.15751099586486816,11355.5,0.03853130340576172,15791.75,0.03866243362426758,18442.0,0.1555616855621338,3423.25,0.04623866081237793
17,8465.0,0.0391538143157959,13991.0,0.19173216819763184,16677.0,0.16178369522094727,10351.0,0.03891754150390625,15909.5,0.038724660873413086,18009.25,0.14989781379699707,3453.25,0.046718597412109375
18,9241.0,0.03798627853393555,15914.0,0.19454240798950195,17259.25,0.15933895111083984,11100.25,0.03846883773803711,15343.0,0.03798246383666992,17515.0,0.1461479663848877,3827.5,0.04593324661254883
19,8399.25,0.038915157318115234,15678.25,0.1844637393951416,14561.5,0.1611313819885254,10147.0,0.03907656669616699,14640.25,0.038503408432006836,15059.5,0.14835572242736816,3536.0,0.04617571830749512
20,8841.5,0.07085824012756348,17346.0,0.18638014793395996,14690.25,0.1591503620147705,11573.0,0.038532257080078125,17497.5,0.038089752197265625,18616.75,0.15995335578918457,3537.5,0.046575069427490234
21,10255.75,0.03883790969848633,16237.75,0.18912506103515625,15169.0,0.16730237007141113,9821.5,0.038274288177490234,15476.0,0.03748607635498047,17406.75,0.14372992515563965,3679.5,0.04614734649658203
22,8089.5,0.03936409950256348,16779.75,0.20017027854919434,15289.75,0.159165620803833,11101.5,0.0377960205078125,14878.25,0.03835582733154297,15290.75,0.14672136306762695,3281.25,0.04673147201538086
23,9263.5,0.03914594650268555,16924.0,0.21897292137145996,15426.5,0.15843653678894043,9614.5,0.03874611854553223,17244.75,0.03761935234069824,20082.25,0.16047954559326172,3632.75,0.0459904670715332
24,11798.5,0.03944277763366699,17866.75,0.1862494945526123,15900.0,0.15973734855651855,10523.75,0.03827953338623047,14591.25,0.03755950927734375,17300.25,0.15012407302856445,3546.75,0.046600341796875
25,9102.75,0.03939962387084961,14423.75,0.17805910110473633,14641.5,0.16067194938659668,11556.75,0.03907299041748047,14527.0,0.038359880447387695,14487.75,0.1463623046875,3454.0,0.046346187591552734
26,7430.0,0.03892803192138672,13959.0,0.18761920928955078,13564.0,0.18718504905700684,12306.25,0.038376808166503906,13945.0,0.03720498085021973,15516.5,0.1513655185699463,3637.75,0.04648184776306152
27,8983.75,0.03938889503479004,16085.5,0.1895432472229004,17607.0,0.16091370582580566,10823.5,0.03936505317687988,15724.75,0.038047075271606445,18325.75,0.1478731632232666,3490.75,0.046567678451538086
28,8250.25,0.03808736801147461,17832.75,0.19601202011108398,14273.5,0.1564040184020996,11815.0,0.03898477554321289,14724.25,0.03859901428222656,15578.0,0.15122079849243164,3310.25,0.04628610610961914
29,10359.0,0.03917241096496582,14365.25,0.18194150924682617,17706.75,0.15867900848388672,10224.5,0.03899073600769043,16794.5,0.036995887756347656,17073.25,0.142608642578125,3673.25,0.04634809494018555
30,9757.75,0.03741884231567383,18539.75,0.1906297206878662,17027.75,0.16068148612976074,10094.5,0.07119488716125488,16311.75,0.03850674629211426,17943.0,0.15089678764343262,3484.75,0.046135902404785156
31,8148.0,0.03925490379333496,17223.25,0.18670082092285156,14721.0,0.16132760047912598,9924.25,0.03844857215881348,16194.25,0.037360191345214844,16921.25,0.14502882957458496,3771.5,0.04598689079284668
32,7765.5,0.03947854042053223,15508.75,0.18796849250793457,17776.75,0.16361141204833984,12339.75,0.03886914253234863,15954.5,0.03849196434020996,17217.75,0.15441584587097168,3763.25,0.046192169189453125
33,8339.75,0.0379788875579834,14249.75,0.17798566818237305,16007.0,0.16701889038085938,10085.0,0.03861594200134277,17190.75,0.0717921257019043,18714.25,0.1572704315185547,3774.0,0.046025991439819336
34,9027.0,0.03964066505432129,16508.0,0.18974018096923828,15450.25,0.1610715389251709,11653.75,0.038932085037231445,15792.0,0.03821611404418945,16454.75,0.14978480339050293,3763.25,0.046288490295410156
35,9995.0,0.038744211196899414,17655.5,0.1941547393798828,12775.0,0.14265084266662598,10747.25,0.03847908973693848,16756.5,0.03859210014343262,15675.5,0.1500859260559082,3827.25,0.04617476463317871
36,10015.5,0.03885006904602051,15018.75,0.18876171112060547,17641.5,0.16871881484985352,11189.5,0.038300275802612305,14855.5,0.03839755058288574,16466.0,0.1777949333190918,3525.5,0.046182870864868164
37,8668.0,0.039586782455444336,15489.75,0.18059611320495605,15162.5,0.14986896514892578,12304.5,0.038575172424316406,15759.0,0.03839445114135742,16124.25,0.14815187454223633,3576.5,0.046416521072387695
38,9734.75,0.03826117515563965,17594.0,0.19351506233215332,15394.0,0.1634197235107422,11144.25,0.03802776336669922,13968.75,0.03841400146484375,14700.5,0.1464376449584961,3388.25,0.046042680740356445
39,7917.25,0.03871297836303711,14374.75,0.18404364585876465,13777.0,0.15010833740234375,12126.0,0.03872942924499512,14969.75,0.037871360778808594,14746.5,0.1456899642944336,3960.5,0.0710148811340332
40,8896.5,0.038974761962890625,16089.0,0.19028711318969727,14861.75,0.1562654972076416,10588.25,0.03897356986999512,15066.25,0.038124799728393555,15041.0,0.14508914947509766,3499.25,0.046071767807006836
41,8772.25,0.03925013542175293,15410.5,0.17476272583007812,17882.25,0.16870379447937012,13051.5,0.03880953788757324,18625.5,0.03847670555114746,18489.25,0.15481233596801758,3563.75,0.04663538932800293
42,10690.25,0.03932976722717285,14858.25,0.18896150588989258,13755.75,0.15448546409606934,10393.75,0.0387730598449707,15780.5,0.039025306701660156,15079.25,0.14713215827941895,3696.5,0.04607510566711426
43,11070.75,0.03818321228027344,19252.5,0.19133400917053223,20017.5,0.1704246997833252,14121.0,0.03779292106628418,16569.75,0.03907942771911621,19264.0,0.1575021743774414,3658.0,0.04634976387023926
44,10058.75,0.03921365737915039,16766.25,0.18718695640563965,13806.5,0.15240192413330078,12487.25,0.03886270523071289,15060.25,0.03876781463623047,16924.0,0.14635729789733887,3568.25,0.04639887809753418
45,10029.25,0.038649797439575195,16444.0,0.1857316493988037,13509.0,0.1566917896270752,11762.25,0.037894248962402344,15275.5,0.03762626647949219,15681.5,0.1501786708831787,3454.25,0.04654264450073242
46,8971.25,0.03851628303527832,17093.25,0.17609119415283203,13739.0,0.15614104270935059,9367.75,0.0379638671875,16943.25,0.03806185722351074,17031.25,0.15154743194580078,3646.5,0.04635930061340332
47,9193.25,0.07224464416503906,14724.5,0.18092727661132812,15463.0,0.14408445358276367,11196.25,0.038253068923950195,14595.25,0.03778481483459473,19413.25,0.15917229652404785,3713.0,0.04653811454772949
48,8714.5,0.038741350173950195,18010.75,0.19319796562194824,17671.5,0.16248846054077148,11511.75,0.0394287109375,17837.0,0.037514686584472656,17642.25,0.14928412437438965,3775.0,0.0463409423828125
49,8511.5,0.03979849815368652,13921.5,0.18039655685424805,13454.0,0.1469275951385498,11440.0,0.03909015655517578,14744.25,0.03813624382019043,14851.25,0.14380574226379395,3396.75,0.04654693603515625
Average,9271.85,0.04028407573699951,16014.455,0.18789464473724365,15481.865,0.16001760959625244,11077.72,0.03996510982513428,15747.78,0.03930205821990967,16770.075,0.1510984992980957,3604.99,0.047314391136169434
